{
   "mtx": [
      [
         589.6162523484206,
         0.0,
         401.2476109228704
      ],
      [
         0.0,
         588.0961876149886,
         279.19512053806676
      ],
      [
         0.0,
         0.0,
         1.0
      ]
   ],
   "newmtx": [
      [
         533.3721177245179,
         0.0,
         400.05836732447915
      ],
      [
         0.0,
         520.918289617559,
         282.8531635101124
      ],
      [
         0.0,
         0.0,
         1.0
      ]
   ],
   "dist": [
      [
         -0.36331579473421827,
         -0.1658662768877755,
         0.00547148539641157,
         -0.001024155261144221,
         0.9090055805548304
      ]
   ]
}