{
   "mtx": [
      [
         1191.1280224857371,
         0.0,
         706.6359283081667
      ],
      [
         0.0,
         1188.4184626661252,
         606.8200528422835
      ],
      [
         0.0,
         0.0,
         1.0
      ]
   ],
   "mtx_rad": [
      [
         1191.1280224857371,
         0.0,
         706.6359283081667
      ],
      [
         0.0,
         -1188.4184626661252,
         606.8200528422835
      ],
      [
         0.0,
         0.0,
         1.0
      ]
   ],
   "newmtx": [
      [
         1266.1115801751391,
         0.0,
         798.9360252219818
      ],
      [
         0.0,
         1379.3704584034592,
         594.6322939190525
      ],
      [
         0.0,
         0.0,
         1.0
      ]
   ],
   "dist": [
      [
         -0.3696156076890659,
         -0.03931604395599058,
         -0.0007149680841178715,
         0.001820828239091968,
         0.7277789439298384
      ]
   ]
}