{
   "mtx": [
      [
         1182.9543763399024,
         0.0,
         787.3928400573054
      ],
      [
         0.0,
         1180.2967637969975,
         591.652086778648
      ],
      [
         0.0,
         0.0,
         1.0
      ]
   ],
   "mtx_rad": [
      [
         1182.9543763399024,
         0.0,
         787.3928400573054
      ],
      [
         0.0,
         -1180.2967637969975,
         591.652086778648
      ],
      [
         0.0,
         0.0,
         1.0
      ]
   ],
   "newmtx": [
      [
         1182.9543763399024,
         0.0,
         787.3928400573054
      ],
      [
         0.0,
         1180.2967637969975,
         591.652086778648
      ],
      [
         0.0,
         0.0,
         1.0
      ]
   ],
   "dist": [
      [
         -0.42481152257073634,
         0.40600083127258535,
         -0.0028727681497472597,
         0.0025233104979610356,
         -0.4852389217926301
      ]
   ]
}